<?xml version="1.0" encoding="utf-8"?>
<edmx:Edmx Version="1.0" xmlns:edmx="http://schemas.microsoft.com/ado/2007/06/edmx"
	xmlns:m="http://schemas.microsoft.com/ado/2007/08/dataservices/metadata" xmlns:sap="http://www.sap.com/Protocols/SAPData">
	<edmx:DataServices m:DataServiceVersion="2.0">
		<Schema Namespace="ZPM_AUTO_TMPL_SRV" xml:lang="en" sap:schema-version="1" xmlns="http://schemas.microsoft.com/ado/2008/09/edm">
			<EntityType Name="Subscription" sap:semantics="subscriptions" sap:content-version="1">
				<Key><PropertyRef Name="ID"/></Key><Property Name="ID" Type="Edm.String" Nullable="false" MaxLength="32" sap:label="Sub. ID" sap:creatable="false" sap:updatable="false"
					sap:filterable="false"/><Property Name="user" Type="Edm.String" MaxLength="12" m:FC_TargetPath="SyndicationAuthorName" m:FC_KeepInContent="false"
					sap:label="User Name" sap:creatable="false" sap:filterable="false"/><Property Name="updated" Type="Edm.DateTime" Precision="0" m:FC_TargetPath="SyndicationUpdated" m:FC_KeepInContent="false"
					sap:label="Time Stamp" sap:creatable="false" sap:filterable="false"/><Property Name="title" Type="Edm.String" MaxLength="255" m:FC_TargetPath="SyndicationTitle" m:FC_KeepInContent="false" sap:label="Title"
					sap:filterable="false"/><Property Name="deliveryAddress" Type="Edm.String" sap:label="Delivery Address" sap:filterable="false"/><Property Name="persistNotifications" Type="Edm.Boolean" sap:label="Persist Notification" sap:filterable="false"/><Property Name="collection" Type="Edm.String" MaxLength="40" sap:label="Collection" sap:filterable="false"/><Property Name="filter" Type="Edm.String" sap:label="Filter" sap:filterable="false"/><Property Name="select" Type="Edm.String" MaxLength="255" sap:label="Select" sap:filterable="false"/><Property Name="changeType" Type="Edm.String" MaxLength="30" sap:label="Change Type"/></EntityType>
			<EntityType Name="Notification" sap:semantics="notifications" sap:content-version="1">
				<Key><PropertyRef Name="ID"/></Key><Property Name="ID" Type="Edm.String" Nullable="false" MaxLength="32" sap:label="Notification ID"/><Property Name="collection" Type="Edm.String" MaxLength="40" sap:label="Collection"/><Property Name="title" Type="Edm.String" m:FC_TargetPath="SyndicationTitle" m:FC_KeepInContent="false" sap:label="Notif. Text"/><Property Name="updated" Type="Edm.DateTime" Precision="0" m:FC_TargetPath="SyndicationUpdated" m:FC_KeepInContent="false"
					sap:label="Time Stamp"/><Property Name="changeType" Type="Edm.String" MaxLength="30" sap:label="Change Type"/><Property Name="entriesOfInterest" Type="Edm.Int32" sap:label="No. of Entries"/><Property Name="recipient" Type="Edm.String" MaxLength="112" sap:label="Recipient" sap:creatable="false" sap:updatable="false"/></EntityType>
			<EntityType Name="PadDetails" sap:content-version="1">
				<Key><PropertyRef Name="Pid"/></Key><Property Name="PadCode" Type="Edm.String" MaxLength="40" sap:unicode="false" sap:label="Char"/><Property Name="PadDesc" Type="Edm.String" MaxLength="40" sap:unicode="false" sap:label="Character 100"/><Property Name="CostCenter" Type="Edm.String" MaxLength="10" sap:unicode="false" sap:label="Char"/><Property Name="GenEquip" Type="Edm.String" MaxLength="40" sap:unicode="false" sap:label="Char"/><Property Name="WellId" Type="Edm.String" MaxLength="10" sap:unicode="false" sap:label="Char"/><Property Name="Pid" Type="Edm.String" Nullable="false" MaxLength="4" sap:unicode="false" sap:label="Char"/><Property Name="SysId" Type="Edm.String" MaxLength="10" sap:unicode="false" sap:label="Char"/><NavigationProperty Name="PadToWellNav" Relationship="ZPM_AUTO_TMPL_SRV.PadToWell" FromRole="FromRole_PadToWell" ToRole="ToRole_PadToWell"/><NavigationProperty Name="PadToKitNav" Relationship="ZPM_AUTO_TMPL_SRV.PadToKit" FromRole="FromRole_PadToKit" ToRole="ToRole_PadToKit"/><NavigationProperty Name="PadToOutNav" Relationship="ZPM_AUTO_TMPL_SRV.PadToOut" FromRole="FromRole_PadToOut" ToRole="ToRole_PadToOut"/><NavigationProperty Name="PadToKidNav" Relationship="ZPM_AUTO_TMPL_SRV.PadToKid" FromRole="FromRole_PadToKid" ToRole="ToRole_PadToKid"/><NavigationProperty Name="PadToKitFloc" Relationship="ZPM_AUTO_TMPL_SRV.PadToKitFloc" FromRole="FromRole_PadToKitFloc"
					ToRole="ToRole_PadToKitFloc"/></EntityType>
			<EntityType Name="WellDetails" sap:content-version="1">
				<Key><PropertyRef Name="Wid"/></Key><Property Name="SerialNo" Type="Edm.String" MaxLength="5" sap:unicode="false" sap:label="Char"/><Property Name="WellId" Type="Edm.String" MaxLength="12" sap:unicode="false" sap:label="Char"/><Property Name="Desc" Type="Edm.String" MaxLength="40" sap:unicode="false" sap:label="Character 100"/><Property Name="SysId" Type="Edm.String" MaxLength="40" sap:unicode="false" sap:label="Char"/><Property Name="CostCenter" Type="Edm.String" MaxLength="10" sap:unicode="false" sap:label="Char"/><Property Name="WellIdOld" Type="Edm.String" MaxLength="10" sap:unicode="false" sap:label="Char"/><Property Name="Wid" Type="Edm.String" Nullable="false" MaxLength="4" sap:unicode="false" sap:label="Char"/></EntityType>
			<EntityType Name="KitDetails" sap:content-version="1">
				<Key><PropertyRef Name="Kid"/></Key><Property Name="Kid" Type="Edm.String" Nullable="false" MaxLength="4" sap:unicode="false" sap:label="Kid"/><Property Name="KitPos" Type="Edm.String" Nullable="false" MaxLength="6" sap:unicode="false" sap:label="Char" sap:updatable="false"
					sap:sortable="false" sap:filterable="false"/><Property Name="Kit" Type="Edm.String" Nullable="false" MaxLength="40" sap:unicode="false" sap:label="Char" sap:updatable="false"
					sap:sortable="false" sap:filterable="false"/><Property Name="KitDesc" Type="Edm.String" Nullable="false" MaxLength="40" sap:unicode="false" sap:label="Character 100"
					sap:updatable="false" sap:sortable="false" sap:filterable="false"/><Property Name="Count" Type="Edm.String" Nullable="false" MaxLength="2" sap:unicode="false" sap:label="Two-digit no." sap:updatable="false"
					sap:sortable="false" sap:filterable="false"/><Property Name="KitReq" Type="Edm.String" Nullable="false" MaxLength="1" sap:unicode="false" sap:label="Single-Character Flag"
					sap:updatable="false" sap:sortable="false" sap:filterable="false"/><Property Name="KitSta" Type="Edm.Boolean" Nullable="false" sap:unicode="false" sap:label="Boolean" sap:updatable="false"
					sap:sortable="false" sap:filterable="false"/><Property Name="KitMsg" Type="Edm.String" Nullable="false" MaxLength="20" sap:unicode="false" sap:label="Message" sap:updatable="false"
					sap:sortable="false" sap:filterable="false"/></EntityType>
			<EntityType Name="KitDescUpd" sap:content-version="1">
				<Key><PropertyRef Name="Kid"/></Key><Property Name="KitSlno" Type="Edm.String" MaxLength="5" sap:unicode="false" sap:label="R/2 table"/><Property Name="KitTyp" Type="Edm.String" MaxLength="6" sap:unicode="false" sap:label="Reserve"/><Property Name="Kit" Type="Edm.String" MaxLength="40" sap:unicode="false" sap:label="Char"/><Property Name="KitNewDesc" Type="Edm.String" MaxLength="40" sap:unicode="false" sap:label="Char"/><Property Name="KitMaxcnt" Type="Edm.String" MaxLength="4" sap:unicode="false" sap:label="Number"/><Property Name="KitStat" Type="Edm.Boolean" sap:unicode="false" sap:label="Boolean Variable (X = True, - = False, Space = Unknown)"/><Property Name="PnidCntVal" Type="Edm.String" MaxLength="10" sap:unicode="false" sap:label="Char"/><Property Name="PnidCnt" Type="Edm.String" MaxLength="4" sap:unicode="false" sap:label="Number"/><Property Name="KitStatcnt" Type="Edm.String" MaxLength="6" sap:unicode="false" sap:label="Reserve"/><Property Name="Kid" Type="Edm.String" Nullable="false" MaxLength="4" sap:unicode="false"
					sap:label="Undefined range (can be used for patch levels)"/></EntityType>
			<EntityType Name="OutputData" sap:content-version="1">
				<Key><PropertyRef Name="uniqueid"/></Key><Property Name="Oid" Type="Edm.String" MaxLength="4" sap:unicode="false" sap:label="Output Id"/><Property Name="uniqueid" Type="Edm.String" Nullable="false" MaxLength="5" sap:unicode="false" sap:label="Unique Id"/><Property Name="Plant" Type="Edm.String" MaxLength="4" sap:unicode="false" sap:label="Plant"/><Property Name="Kit" Type="Edm.String" MaxLength="40" sap:unicode="false" sap:label="KIT"/><Property Name="Counter" Type="Edm.String" MaxLength="5" sap:unicode="false" sap:label="Counter"/><Property Name="GenericEquip" Type="Edm.String" MaxLength="20" sap:unicode="false" sap:label="Generic Num"/><Property Name="FlocEquip" Type="Edm.String" MaxLength="5" sap:unicode="false" sap:label="FLOC/EQUIP"/><Property Name="Required" Type="Edm.String" MaxLength="3" sap:unicode="false" sap:label="Required (Y/N)"/><Property Name="L1" Type="Edm.String" MaxLength="30" sap:unicode="false" sap:label="L1"/><Property Name="L2" Type="Edm.String" MaxLength="30" sap:unicode="false" sap:label="L2"/><Property Name="L3" Type="Edm.String" MaxLength="30" sap:unicode="false" sap:label="L3"/><Property Name="L4" Type="Edm.String" MaxLength="30" sap:unicode="false" sap:label="L4"/><Property Name="L5" Type="Edm.String" MaxLength="30" sap:unicode="false" sap:label="L5"/><Property Name="L6" Type="Edm.String" MaxLength="30" sap:unicode="false" sap:label="L6"/><Property Name="L7" Type="Edm.String" MaxLength="30" sap:unicode="false" sap:label="L7"/><Property Name="L8" Type="Edm.String" MaxLength="30" sap:unicode="false" sap:label="L8"/><Property Name="L9" Type="Edm.String" MaxLength="30" sap:unicode="false" sap:label="L9"/><Property Name="L10" Type="Edm.String" MaxLength="30" sap:unicode="false" sap:label="L10"/><Property Name="L11" Type="Edm.String" MaxLength="30" sap:unicode="false" sap:label="L11"/><Property Name="L12" Type="Edm.String" MaxLength="30" sap:unicode="false" sap:label="L12"/><Property Name="Comments" Type="Edm.String" MaxLength="40" sap:unicode="false" sap:label="Comments"/><Property Name="PId" Type="Edm.String" MaxLength="40" sap:unicode="false" sap:label="P&amp;ID"/><Property Name="TankDescriptions" Type="Edm.String" MaxLength="40" sap:unicode="false" sap:label="TANK DESCRIPTIONS"/><Property Name="FunctionalLocEquipment" Type="Edm.String" MaxLength="30" sap:unicode="false" sap:label="Functional Loc./Equipment"/><Property Name="Description" Type="Edm.String" MaxLength="40" sap:unicode="false" sap:label="Description"/><Property Name="Manufacturer" Type="Edm.String" MaxLength="30" sap:unicode="false" sap:label="Manufacturer"/><Property Name="ModelNum" Type="Edm.String" MaxLength="20" sap:unicode="false" sap:label="Model Num"/><Property Name="SerialNum" Type="Edm.String" MaxLength="30" sap:unicode="false" sap:label="Serial Num"/><Property Name="PartNum" Type="Edm.String" MaxLength="40" sap:unicode="false" sap:label="Part Num"/><Property Name="Mawp" Type="Edm.String" MaxLength="8" sap:unicode="false" sap:label="MAWP"/><Property Name="SetPressurePsi" Type="Edm.String" MaxLength="30" sap:unicode="false" sap:label="Set Pressure (psi)"/><Property Name="SizeBlank" Type="Edm.String" MaxLength="30" sap:unicode="false" sap:label="Size"/><Property Name="Range" Type="Edm.String" MaxLength="8" sap:unicode="false" sap:label="Range"/><Property Name="DpRange" Type="Edm.String" MaxLength="8" sap:unicode="false" sap:label="DP Range"/><Property Name="SpRange" Type="Edm.String" MaxLength="8" sap:unicode="false" sap:label="SP Range"/><Property Name="Capacity" Type="Edm.String" MaxLength="8" sap:unicode="false" sap:label="Capacity"/><Property Name="SuperiorFlocEquip" Type="Edm.String" MaxLength="30" sap:unicode="false" sap:label="Superior floc/equip"/><Property Name="ParentEquip" Type="Edm.String" MaxLength="18" sap:unicode="false" sap:label="PARENT EQUIP"/><Property Name="ParentFloc" Type="Edm.String" MaxLength="30" sap:unicode="false" sap:label="PARENT FLOC"/><Property Name="Class" Type="Edm.String" MaxLength="18" sap:unicode="false" sap:label="Class"/><Property Name="UserStatus" Type="Edm.String" MaxLength="40" sap:unicode="false" sap:label="User Status"/><Property Name="CostCenter" Type="Edm.String" MaxLength="10" sap:unicode="false" sap:label="Cost Center"/><Property Name="SortField" Type="Edm.String" MaxLength="30" sap:unicode="false" sap:label="Sort Field"/><Property Name="InventoryUwiNum" Type="Edm.String" MaxLength="10" sap:unicode="false" sap:label="Inventory/UWI num"/><Property Name="CurDate" Type="Edm.String" MaxLength="12" sap:unicode="false" sap:label="Current Date"/><Property Name="LocationArea" Type="Edm.String" MaxLength="10" sap:unicode="false" sap:label="Location (Area)"/><Property Name="MainWorkCenter" Type="Edm.String" MaxLength="8" sap:unicode="false" sap:label="Main Work Center"/><Property Name="CatalogProfile" Type="Edm.String" MaxLength="9" sap:unicode="false" sap:label="Catalog Profile"/><Property Name="PositionNumber" Type="Edm.String" MaxLength="4" sap:unicode="false" sap:label="Position Number"/><Property Name="InsOfEquipAllo" Type="Edm.String" MaxLength="1" sap:unicode="false"
					sap:label="Installation of equipment allowed at the FLOC"/><Property Name="ChangedBy" Type="Edm.String" MaxLength="12" sap:unicode="false" sap:label="ChangedBy"/></EntityType>
			<EntityType Name="KitFloc" sap:content-version="1">
				<Key><PropertyRef Name="Counter"/><PropertyRef Name="Funclocequip"/><PropertyRef Name="Kitposition"/><PropertyRef Name="Kittype"/><PropertyRef Name="Plant"/></Key><Property Name="Counter" Type="Edm.String" Nullable="false" MaxLength="5" sap:unicode="false" sap:label="Counter" sap:creatable="false"
					sap:updatable="false" sap:sortable="false" sap:filterable="false"/><Property Name="Funclocequip" Type="Edm.String" Nullable="false" MaxLength="30" sap:unicode="false" sap:label="Functional Loc./Equi"
					sap:creatable="false" sap:updatable="false" sap:sortable="false" sap:filterable="false"/><Property Name="Description" Type="Edm.String" Nullable="false" MaxLength="40" sap:unicode="false" sap:label="Description"
					sap:creatable="false" sap:updatable="false" sap:sortable="false" sap:filterable="false"/><Property Name="Superiorflocequip" Type="Edm.String" Nullable="false" MaxLength="30" sap:unicode="false" sap:label="Superior floc/equip"
					sap:creatable="false" sap:updatable="false" sap:sortable="false" sap:filterable="false"/><Property Name="Kitposition" Type="Edm.String" Nullable="false" MaxLength="10" sap:unicode="false" sap:label="Kit Position"
					sap:creatable="false" sap:updatable="false" sap:sortable="false" sap:filterable="false"/><Property Name="Kittype" Type="Edm.String" Nullable="false" MaxLength="40" sap:unicode="false" sap:label="KIT type" sap:creatable="false"
					sap:updatable="false" sap:sortable="false" sap:filterable="false"/><Property Name="Plant" Type="Edm.String" Nullable="false" MaxLength="4" sap:unicode="false" sap:label="Plant" sap:creatable="false"
					sap:updatable="false" sap:sortable="false" sap:filterable="false"/><Property Name="KitDescNew" Type="Edm.String" Nullable="false" MaxLength="40" sap:unicode="false" sap:label="KIT Description New"
					sap:updatable="false" sap:sortable="false" sap:filterable="false"/><Property Name="EquipKitDescNew" Type="Edm.String" Nullable="false" MaxLength="40" sap:unicode="false" sap:label="Equip KIT New Desc"
					sap:updatable="false" sap:sortable="false" sap:filterable="false"/></EntityType>
			<EntityType Name="StoredOutputData" sap:content-version="1">
				<Key><PropertyRef Name="Mandt"/><PropertyRef Name="Aa0uniqueid"/><PropertyRef Name="Af4changedby"/></Key><Property Name="Mandt" Type="Edm.String" Nullable="false" MaxLength="3" sap:unicode="false" sap:label="Client" sap:creatable="false"
					sap:updatable="false" sap:sortable="false" sap:filterable="false"/><Property Name="Aa0uniqueid" Type="Edm.String" Nullable="false" MaxLength="5" sap:unicode="false" sap:label="Unique Id"
					sap:creatable="false" sap:updatable="false" sap:sortable="false" sap:filterable="false"/><Property Name="Af4changedby" Type="Edm.String" Nullable="false" MaxLength="12" sap:unicode="false" sap:label="User Id"
					sap:creatable="false" sap:updatable="false" sap:sortable="false" sap:filterable="false"/><Property Name="Aa1plant" Type="Edm.String" Nullable="false" MaxLength="4" sap:unicode="false" sap:label="Plant" sap:creatable="false"
					sap:updatable="false" sap:sortable="false" sap:filterable="false"/><Property Name="Aa2kit" Type="Edm.String" Nullable="false" MaxLength="40" sap:unicode="false" sap:label="KIT" sap:creatable="false"
					sap:updatable="false" sap:sortable="false" sap:filterable="false"/><Property Name="Aa3counter" Type="Edm.String" Nullable="false" MaxLength="5" sap:unicode="false" sap:label="Counter" sap:creatable="false"
					sap:updatable="false" sap:sortable="false" sap:filterable="false"/><Property Name="Aa4genericEquip" Type="Edm.String" Nullable="false" MaxLength="20" sap:unicode="false" sap:label="Generic Num"
					sap:creatable="false" sap:updatable="false" sap:sortable="false" sap:filterable="false"/><Property Name="Aa5flocEquip" Type="Edm.String" Nullable="false" MaxLength="5" sap:unicode="false" sap:label="FLOC/EQUIP"
					sap:creatable="false" sap:updatable="false" sap:sortable="false" sap:filterable="false"/><Property Name="Aa6required" Type="Edm.String" Nullable="false" MaxLength="3" sap:unicode="false" sap:label="Required (Y/N)"
					sap:creatable="false" sap:updatable="false" sap:sortable="false" sap:filterable="false"/><Property Name="Aa7l1" Type="Edm.String" Nullable="false" MaxLength="30" sap:unicode="false" sap:label="L1" sap:creatable="false"
					sap:updatable="false" sap:sortable="false" sap:filterable="false"/><Property Name="Aa8l2" Type="Edm.String" Nullable="false" MaxLength="30" sap:unicode="false" sap:label="L2" sap:creatable="false"
					sap:updatable="false" sap:sortable="false" sap:filterable="false"/><Property Name="Aa9l3" Type="Edm.String" Nullable="false" MaxLength="30" sap:unicode="false" sap:label="L3" sap:creatable="false"
					sap:updatable="false" sap:sortable="false" sap:filterable="false"/><Property Name="Ab1l4" Type="Edm.String" Nullable="false" MaxLength="30" sap:unicode="false" sap:label="L4" sap:creatable="false"
					sap:updatable="false" sap:sortable="false" sap:filterable="false"/><Property Name="Ab2l5" Type="Edm.String" Nullable="false" MaxLength="30" sap:unicode="false" sap:label="L5" sap:creatable="false"
					sap:updatable="false" sap:sortable="false" sap:filterable="false"/><Property Name="Ab3l6" Type="Edm.String" Nullable="false" MaxLength="30" sap:unicode="false" sap:label="L6" sap:creatable="false"
					sap:updatable="false" sap:sortable="false" sap:filterable="false"/><Property Name="Ab4l7" Type="Edm.String" Nullable="false" MaxLength="30" sap:unicode="false" sap:label="L7" sap:creatable="false"
					sap:updatable="false" sap:sortable="false" sap:filterable="false"/><Property Name="Ab5l8" Type="Edm.String" Nullable="false" MaxLength="30" sap:unicode="false" sap:label="L8" sap:creatable="false"
					sap:updatable="false" sap:sortable="false" sap:filterable="false"/><Property Name="Ab6l9" Type="Edm.String" Nullable="false" MaxLength="30" sap:unicode="false" sap:label="L9" sap:creatable="false"
					sap:updatable="false" sap:sortable="false" sap:filterable="false"/><Property Name="Ab7l10" Type="Edm.String" Nullable="false" MaxLength="30" sap:unicode="false" sap:label="L10" sap:creatable="false"
					sap:updatable="false" sap:sortable="false" sap:filterable="false"/><Property Name="Ab8l11" Type="Edm.String" Nullable="false" MaxLength="30" sap:unicode="false" sap:label="L11" sap:creatable="false"
					sap:updatable="false" sap:sortable="false" sap:filterable="false"/><Property Name="Ab9l12" Type="Edm.String" Nullable="false" MaxLength="30" sap:unicode="false" sap:label="L12" sap:creatable="false"
					sap:updatable="false" sap:sortable="false" sap:filterable="false"/><Property Name="Ac1comments" Type="Edm.String" Nullable="false" MaxLength="40" sap:unicode="false" sap:label="Comments"
					sap:creatable="false" sap:updatable="false" sap:sortable="false" sap:filterable="false"/><Property Name="Ac2pId" Type="Edm.String" Nullable="false" MaxLength="40" sap:unicode="false" sap:label="P&amp;ID" sap:creatable="false"
					sap:updatable="false" sap:sortable="false" sap:filterable="false"/><Property Name="Ac3tankDescriptions" Type="Edm.String" Nullable="false" MaxLength="40" sap:unicode="false" sap:label="TANK DESCRIPTIONS"
					sap:creatable="false" sap:updatable="false" sap:sortable="false" sap:filterable="false"/><Property Name="Ac4functionalLocEquipment" Type="Edm.String" Nullable="false" MaxLength="30" sap:unicode="false"
					sap:label="Functional Loc./Equipment" sap:creatable="false" sap:updatable="false" sap:sortable="false" sap:filterable="false"/><Property Name="Ac5description" Type="Edm.String" Nullable="false" MaxLength="40" sap:unicode="false" sap:label="Description"
					sap:creatable="false" sap:updatable="false" sap:sortable="false" sap:filterable="false"/><Property Name="Ac6manufacturer" Type="Edm.String" Nullable="false" MaxLength="30" sap:unicode="false" sap:label="Manufacturer"
					sap:creatable="false" sap:updatable="false" sap:sortable="false" sap:filterable="false"/><Property Name="Ac7modelNum" Type="Edm.String" Nullable="false" MaxLength="20" sap:unicode="false" sap:label="Model Num"
					sap:creatable="false" sap:updatable="false" sap:sortable="false" sap:filterable="false"/><Property Name="Ac8serialNum" Type="Edm.String" Nullable="false" MaxLength="30" sap:unicode="false" sap:label="Serial Num"
					sap:creatable="false" sap:updatable="false" sap:sortable="false" sap:filterable="false"/><Property Name="Ac9partNum" Type="Edm.String" Nullable="false" MaxLength="40" sap:unicode="false" sap:label="Part Num" sap:creatable="false"
					sap:updatable="false" sap:sortable="false" sap:filterable="false"/><Property Name="Ad1mawp" Type="Edm.String" Nullable="false" MaxLength="8" sap:unicode="false" sap:label="MAWP" sap:creatable="false"
					sap:updatable="false" sap:sortable="false" sap:filterable="false"/><Property Name="Ad2setPressurePsi" Type="Edm.String" Nullable="false" MaxLength="30" sap:unicode="false" sap:label="Set Pressure (psi)"
					sap:creatable="false" sap:updatable="false" sap:sortable="false" sap:filterable="false"/><Property Name="Ad3sizeBlank" Type="Edm.String" Nullable="false" MaxLength="30" sap:unicode="false" sap:label="Size" sap:creatable="false"
					sap:updatable="false" sap:sortable="false" sap:filterable="false"/><Property Name="Ad4range" Type="Edm.String" Nullable="false" MaxLength="8" sap:unicode="false" sap:label="Range" sap:creatable="false"
					sap:updatable="false" sap:sortable="false" sap:filterable="false"/><Property Name="Ad5dpRange" Type="Edm.String" Nullable="false" MaxLength="8" sap:unicode="false" sap:label="DP Range" sap:creatable="false"
					sap:updatable="false" sap:sortable="false" sap:filterable="false"/><Property Name="Ad6spRange" Type="Edm.String" Nullable="false" MaxLength="8" sap:unicode="false" sap:label="SP Range" sap:creatable="false"
					sap:updatable="false" sap:sortable="false" sap:filterable="false"/><Property Name="Ad6capacity" Type="Edm.String" Nullable="false" MaxLength="8" sap:unicode="false" sap:label="Capacity" sap:creatable="false"
					sap:updatable="false" sap:sortable="false" sap:filterable="false"/><Property Name="Ad7superiorFlocEquip" Type="Edm.String" Nullable="false" MaxLength="30" sap:unicode="false" sap:label="Superior floc/equip"
					sap:creatable="false" sap:updatable="false" sap:sortable="false" sap:filterable="false"/><Property Name="Ad8parentEquip" Type="Edm.String" Nullable="false" MaxLength="18" sap:unicode="false" sap:label="PARENT EQUIP"
					sap:creatable="false" sap:updatable="false" sap:sortable="false" sap:filterable="false"/><Property Name="Ad9parentFloc" Type="Edm.String" Nullable="false" MaxLength="30" sap:unicode="false" sap:label="PARENT FLOC"
					sap:creatable="false" sap:updatable="false" sap:sortable="false" sap:filterable="false"/><Property Name="Ae1class" Type="Edm.String" Nullable="false" MaxLength="18" sap:unicode="false" sap:label="Class" sap:creatable="false"
					sap:updatable="false" sap:sortable="false" sap:filterable="false"/><Property Name="Ae2userStatus" Type="Edm.String" Nullable="false" MaxLength="40" sap:unicode="false" sap:label="User Status"
					sap:creatable="false" sap:updatable="false" sap:sortable="false" sap:filterable="false"/><Property Name="Ae3costCenter" Type="Edm.String" Nullable="false" MaxLength="10" sap:unicode="false" sap:label="Cost Center"
					sap:creatable="false" sap:updatable="false" sap:sortable="false" sap:filterable="false"/><Property Name="Ae4sortField" Type="Edm.String" Nullable="false" MaxLength="30" sap:unicode="false" sap:label="Sort Field"
					sap:creatable="false" sap:updatable="false" sap:sortable="false" sap:filterable="false"/><Property Name="Ae5inventoryUwiNum" Type="Edm.String" Nullable="false" MaxLength="10" sap:unicode="false" sap:label="Inventory/UWI num"
					sap:creatable="false" sap:updatable="false" sap:sortable="false" sap:filterable="false"/><Property Name="Ae6curDate" Type="Edm.String" Nullable="false" MaxLength="12" sap:unicode="false" sap:label="Current Date"
					sap:creatable="false" sap:updatable="false" sap:sortable="false" sap:filterable="false"/><Property Name="Ae7locationArea" Type="Edm.String" Nullable="false" MaxLength="10" sap:unicode="false" sap:label="Location (Area)"
					sap:creatable="false" sap:updatable="false" sap:sortable="false" sap:filterable="false"/><Property Name="Ae8mainWorkCenter" Type="Edm.String" Nullable="false" MaxLength="10" sap:unicode="false" sap:label="Main Work Center"
					sap:creatable="false" sap:updatable="false" sap:sortable="false" sap:filterable="false"/><Property Name="Ae9positionNumber" Type="Edm.String" Nullable="false" MaxLength="4" sap:unicode="false" sap:label="Position Number"
					sap:creatable="false" sap:updatable="false" sap:sortable="false" sap:filterable="false"/><Property Name="Af1insOfEquipAllo" Type="Edm.String" Nullable="false" MaxLength="1" sap:unicode="false"
					sap:label="Installation of equipment allowed at the FLOC" sap:creatable="false" sap:updatable="false" sap:sortable="false"
					sap:filterable="false"/><Property Name="Af2catalogProfile" Type="Edm.String" Nullable="false" MaxLength="9" sap:unicode="false" sap:label="Catalog Profile"
					sap:creatable="false" sap:updatable="false" sap:sortable="false" sap:filterable="false"/><Property Name="Af3mainWorkctr" Type="Edm.String" Nullable="false" MaxLength="8" sap:unicode="false" sap:label="Main Work Center"
					sap:creatable="false" sap:updatable="false" sap:sortable="false" sap:filterable="false"/></EntityType>
			<Association Name="PadToKit" sap:content-version="1"><End Type="ZPM_AUTO_TMPL_SRV.PadDetails" Multiplicity="1" Role="FromRole_PadToKit"/><End Type="ZPM_AUTO_TMPL_SRV.KitDescUpd" Multiplicity="*" Role="ToRole_PadToKit"/>
				<ReferentialConstraint>
					<Principal Role="FromRole_PadToKit"><PropertyRef Name="Pid"/></Principal>
					<Dependent Role="ToRole_PadToKit"><PropertyRef Name="Kid"/></Dependent>
				</ReferentialConstraint>
			</Association>
			<Association Name="PadToOut" sap:content-version="1"><End Type="ZPM_AUTO_TMPL_SRV.PadDetails" Multiplicity="1" Role="FromRole_PadToOut"/><End Type="ZPM_AUTO_TMPL_SRV.OutputData" Multiplicity="*" Role="ToRole_PadToOut"/>
				<ReferentialConstraint>
					<Principal Role="FromRole_PadToOut"><PropertyRef Name="Pid"/></Principal>
					<Dependent Role="ToRole_PadToOut"><PropertyRef Name="Oid"/></Dependent>
				</ReferentialConstraint>
			</Association>
			<Association Name="PadToKid" sap:content-version="1"><End Type="ZPM_AUTO_TMPL_SRV.PadDetails" Multiplicity="1" Role="FromRole_PadToKid"/><End Type="ZPM_AUTO_TMPL_SRV.KitDetails" Multiplicity="*" Role="ToRole_PadToKid"/>
				<ReferentialConstraint>
					<Principal Role="FromRole_PadToKid"><PropertyRef Name="Pid"/></Principal>
					<Dependent Role="ToRole_PadToKid"><PropertyRef Name="Kid"/></Dependent>
				</ReferentialConstraint>
			</Association>
			<Association Name="PadToKitFloc" sap:content-version="1"><End Type="ZPM_AUTO_TMPL_SRV.PadDetails" Multiplicity="1" Role="FromRole_PadToKitFloc"/><End Type="ZPM_AUTO_TMPL_SRV.KitFloc" Multiplicity="*" Role="ToRole_PadToKitFloc"/>
				<ReferentialConstraint>
					<Principal Role="FromRole_PadToKitFloc"><PropertyRef Name="Pid"/></Principal>
					<Dependent Role="ToRole_PadToKitFloc"><PropertyRef Name="Kitposition"/></Dependent>
				</ReferentialConstraint>
			</Association>
			<Association Name="PadToWell" sap:content-version="1"><End Type="ZPM_AUTO_TMPL_SRV.PadDetails" Multiplicity="1" Role="FromRole_PadToWell"/><End Type="ZPM_AUTO_TMPL_SRV.WellDetails" Multiplicity="*" Role="ToRole_PadToWell"/>
				<ReferentialConstraint>
					<Principal Role="FromRole_PadToWell"><PropertyRef Name="Pid"/></Principal>
					<Dependent Role="ToRole_PadToWell"><PropertyRef Name="Wid"/></Dependent>
				</ReferentialConstraint>
			</Association>
			<EntityContainer Name="ZPM_AUTO_TMPL_SRV_Entities" m:IsDefaultEntityContainer="true" sap:supported-formats="atom json xlsx"><EntitySet Name="SubscriptionCollection" EntityType="ZPM_AUTO_TMPL_SRV.Subscription" sap:content-version="1"/><EntitySet Name="NotificationCollection" EntityType="ZPM_AUTO_TMPL_SRV.Notification" sap:creatable="false" sap:updatable="false"
				sap:deletable="false" sap:addressable="false" sap:content-version="1"/><EntitySet Name="PadDetailsSet" EntityType="ZPM_AUTO_TMPL_SRV.PadDetails" sap:searchable="true" sap:requires-filter="true"
				sap:content-version="1"/><EntitySet Name="WellDetailsSet" EntityType="ZPM_AUTO_TMPL_SRV.WellDetails" sap:searchable="true" sap:requires-filter="true"
				sap:content-version="1"/><EntitySet Name="KitDetailsSet" EntityType="ZPM_AUTO_TMPL_SRV.KitDetails" sap:searchable="true" sap:requires-filter="true"
				sap:content-version="1"/><EntitySet Name="KitDescUpdSet" EntityType="ZPM_AUTO_TMPL_SRV.KitDescUpd" sap:searchable="true" sap:requires-filter="true"
				sap:content-version="1"/><EntitySet Name="OutputDataSet" EntityType="ZPM_AUTO_TMPL_SRV.OutputData" sap:searchable="true" sap:requires-filter="true"
				sap:content-version="1"/><EntitySet Name="KitFlocSet" EntityType="ZPM_AUTO_TMPL_SRV.KitFloc" sap:searchable="true" sap:requires-filter="true" sap:content-version="1"/><EntitySet Name="StoredOutputDataSet" EntityType="ZPM_AUTO_TMPL_SRV.StoredOutputData" sap:searchable="true" sap:requires-filter="true"
				sap:content-version="1"/>
				<AssociationSet Name="PadToOutSet" Association="ZPM_AUTO_TMPL_SRV.PadToOut" sap:creatable="false" sap:updatable="false"
					sap:deletable="false" sap:content-version="1"><End EntitySet="PadDetailsSet" Role="FromRole_PadToOut"/><End EntitySet="OutputDataSet" Role="ToRole_PadToOut"/></AssociationSet>
				<AssociationSet Name="PadToWellSet" Association="ZPM_AUTO_TMPL_SRV.PadToWell" sap:creatable="false" sap:updatable="false"
					sap:deletable="false" sap:content-version="1"><End EntitySet="PadDetailsSet" Role="FromRole_PadToWell"/><End EntitySet="WellDetailsSet" Role="ToRole_PadToWell"/></AssociationSet>
				<AssociationSet Name="PadToKitFlocSet" Association="ZPM_AUTO_TMPL_SRV.PadToKitFloc" sap:creatable="false" sap:updatable="false"
					sap:deletable="false" sap:content-version="1"><End EntitySet="PadDetailsSet" Role="FromRole_PadToKitFloc"/><End EntitySet="KitFlocSet" Role="ToRole_PadToKitFloc"/></AssociationSet>
				<AssociationSet Name="PadToKitSet" Association="ZPM_AUTO_TMPL_SRV.PadToKit" sap:creatable="false" sap:updatable="false"
					sap:deletable="false" sap:content-version="1"><End EntitySet="PadDetailsSet" Role="FromRole_PadToKit"/><End EntitySet="KitDescUpdSet" Role="ToRole_PadToKit"/></AssociationSet>
				<AssociationSet Name="PadToKidSet" Association="ZPM_AUTO_TMPL_SRV.PadToKid" sap:creatable="false" sap:updatable="false"
					sap:deletable="false" sap:content-version="1"><End EntitySet="PadDetailsSet" Role="FromRole_PadToKid"/><End EntitySet="KitDetailsSet" Role="ToRole_PadToKid"/></AssociationSet>
			</EntityContainer><atom:link rel="self"
				href="https://webidecp-abadd4964.dispatcher.hana.ondemand.com/destinations/ODP/sap/opu/odata/sap/ZPM_AUTO_TMPL_SRV/$metadata"
				xmlns:atom="http://www.w3.org/2005/Atom"/><atom:link rel="latest-version"
				href="https://webidecp-abadd4964.dispatcher.hana.ondemand.com/destinations/ODP/sap/opu/odata/sap/ZPM_AUTO_TMPL_SRV/$metadata"
				xmlns:atom="http://www.w3.org/2005/Atom"/></Schema>
	</edmx:DataServices>
</edmx:Edmx>