{
  "test/integration/AllJourneys-dbg.js": 1693457450000,
  "test/integration/AllJourneys.js": 1693457450000,
  "test/unit/controller/Main.controller.js": 1693457450000,
  "test/integration/pages/Main.js": 1693457450000,
  "test/integration/arrangements/Startup.js": 1693457450000,
  "test/unit/unitTests.qunit.js": 1693457450000,
  "test/unit/AllTests.js": 1693457450000,
  "test/integration/opaTests.qunit.js": 1693457450000,
  "test/integration/NavigationJourney.js": 1693457450000,
  "manifest.json": 1693468323966,
  "test/testsuite.qunit.js": 1693457450000,
  "model/models.js": 1693457450000,
  "controller/View2.controller.js": 1693457450000,
  "controller/View1.controller.js": 1693457450000,
  "controller/Main.controller.js": 1693457450000,
  "serviceBinding.js": 1693457450000,
  "Component.js": 1693457450000,
  "manifest-bundle.zip": 1693468324011,
  "Component-preload.js": 1693468324619,
  "test/integration/NavigationJourney-dbg.js": 1693457450000,
  "test/integration/pages/Main-dbg.js": 1693457450000,
  "test/integration/arrangements/Startup-dbg.js": 1693457450000,
  "test/unit/unitTests.qunit-dbg.js": 1693457450000,
  "test/unit/AllTests-dbg.js": 1693457450000,
  "test/integration/opaTests.qunit-dbg.js": 1693457450000,
  "test/unit/controller/Main-dbg.controller.js": 1693457450000,
  "i18n/i18n.properties": 1693457450000,
  "test/testsuite.qunit-dbg.js": 1693457450000,
  "model/models-dbg.js": 1693457450000,
  "controller/View2-dbg.controller.js": 1693457450000,
  "controller/View1-dbg.controller.js": 1693457450000,
  "controller/Main-dbg.controller.js": 1693457450000,
  "serviceBinding-dbg.js": 1693457450000,
  "Component-dbg.js": 1693457450000,
  "neo-app.json": 1693468324812,
  "di.code-validation.core_issues.json": 1693468328871,
  "resources.json": 1693468328897,
  "test/unit/unitTests.qunit.html": 1693457450000,
  "test/integration/opaTests.qunit.html": 1693457450000,
  "view/View2.view.xml": 1693457450000,
  "view/View1.view.xml": 1693457450000,
  "view/Main.view.xml": 1693457450000,
  "test/testsuite.qunit.html": 1693457450000,
  "localService/metadata.xml": 1693457450000,
  "css/style.css": 1693457450000,
  "index.html": 1693457450000
}